{
    "model_type": "hybrid_gru_xgb_lr",
    "feature_names": [
        "NumRecord",
        "dfzh_Nunique",
        "dfzh_NuniqueDivLen",
        "dfhh_Nunique",
        "dfhh_NuniqueDivLen",
        "jdbj_InCnt",
        "jdbj_OutCnt",
        "jdbj_InRatio",
        "jyje_Min",
        "jyje_Max",
        "jyje_Std",
        "jyje_Mean",
        "jyje_Median",
        "jyje_Range",
        "zhye_Min",
        "zhye_Max",
        "zhye_Std",
        "zhye_Mean",
        "zhye_Median",
        "zhye_Range",
        "jyqd_cnt_Min",
        "jyqd_cnt_Max",
        "jyqd_cnt_Std",
        "jyqd_cnt_Mean",
        "jyqd_cnt_Median",
        "jyqd_cnt_Range",
        "dfhh_cnt_Min",
        "dfhh_cnt_Max",
        "dfhh_cnt_Std",
        "dfhh_cnt_Mean",
        "dfhh_cnt_Median",
        "dfhh_cnt_Range",
        "dfzh_cnt_Min",
        "dfzh_cnt_Max",
        "dfzh_cnt_Std",
        "dfzh_cnt_Mean",
        "dfzh_cnt_Median",
        "dfzh_cnt_Range",
        "InMoney_Min",
        "OutMoney_Min",
        "InMoney_MinRatio",
        "InMoney_Max",
        "OutMoney_Max",
        "InMoney_MaxRatio",
        "InMoney_Std",
        "OutMoney_Std",
        "InMoney_StdRatio",
        "InMoney_Mean",
        "OutMoney_Mean",
        "InMoney_MeanRatio",
        "InMoney_Median",
        "OutMoney_Median",
        "InMoney_MedianRatio",
        "jdbj_InUserCnt",
        "jdbj_OutUserCnt",
        "jdbj_InUserRatio",
        "whole_life_jy_Interval(h)",
        "jy_Freq(h)",
        "jyje_MinDivFreq",
        "oneday_jytimes_Min",
        "jytimestampval_Min",
        "jyje_MaxDivFreq",
        "oneday_jytimes_Max",
        "jytimestampval_Max",
        "jyje_StdDivFreq",
        "oneday_jytimes_Std",
        "jytimestampval_Std",
        "jyje_MeanDivFreq",
        "oneday_jytimes_Mean",
        "jytimestampval_Mean",
        "jyje_MedianDivFreq",
        "oneday_jytimes_Median",
        "jytimestampval_Median",
        "jy_interval_Min",
        "jy_day_Min",
        "jy_weekday_Min",
        "jy_hour_Min",
        "jy_wkend_Min",
        "jy_interval_Max",
        "jy_day_Max",
        "jy_weekday_Max",
        "jy_hour_Max",
        "jy_wkend_Max",
        "jy_interval_Std",
        "jy_day_Std",
        "jy_weekday_Std",
        "jy_hour_Std",
        "jy_monthstart_Std",
        "jy_monthend_Std",
        "jy_wkend_Std",
        "jy_interval_Mean",
        "jy_day_Mean",
        "jy_weekday_Mean",
        "jy_hour_Mean",
        "jy_monthstart_Mean",
        "jy_monthend_Mean",
        "jy_wkend_Mean",
        "jy_interval_Median",
        "jy_day_Median",
        "jy_weekday_Median",
        "jy_hour_Median",
        "jy_monthstart_Median",
        "jy_monthend_Median",
        "jy_wkend_Median",
        "jy_day_nunique",
        "jy_weekday_nunique",
        "jy_hour_nunique",
        "dfzh_GroupCount_Min",
        "dfzh_GroupCount_Max",
        "dfzh_GroupCount_Std",
        "dfzh_GroupCount_Mean",
        "dfzh_GroupCount_Median",
        "dfhh_GroupCount_Min",
        "dfhh_GroupCount_Max",
        "dfhh_GroupCount_Std",
        "dfhh_GroupCount_Mean",
        "dfhh_GroupCount_Median",
        "jyqd_nunique",
        "dfmccd_Min",
        "dfmccd_Max",
        "dfmccd_Std",
        "dfmccd_Mean",
        "dfmccd_Median",
        "xb",
        "age"
    ],
    "selected_features": [
        false,
        false,
        false,
        false,
        true,
        false,
        false,
        false,
        false,
        false,
        false,
        false,
        false,
        false,
        false,
        false,
        false,
        false,
        false,
        false,
        false,
        false,
        false,
        false,
        false,
        false,
        false,
        false,
        false,
        false,
        false,
        false,
        false,
        false,
        false,
        false,
        false,
        false,
        false,
        false,
        false,
        false,
        false,
        false,
        false,
        false,
        false,
        false,
        false,
        false,
        false,
        false,
        false,
        true,
        false,
        false,
        true,
        false,
        false,
        false,
        false,
        false,
        false,
        true,
        false,
        true,
        false,
        false,
        false,
        false,
        false,
        false,
        false,
        false,
        false,
        false,
        false,
        false,
        false,
        true,
        false,
        false,
        false,
        false,
        false,
        false,
        true,
        false,
        false,
        false,
        false,
        false,
        false,
        false,
        false,
        false,
        false,
        false,
        false,
        false,
        false,
        false,
        false,
        false,
        false,
        false,
        false,
        false,
        false,
        true,
        false,
        false,
        false,
        false,
        false,
        true,
        false,
        false,
        false,
        false,
        false,
        false,
        false,
        false,
        false
    ],
    "input_shape": 9,
    "threshold": 0.5
}